exercise_id,muscle_id,role,source_ids
BARBELL_BENCH_PRESS,CHEST,PRIMARY,SRC_CURATED_V1
BARBELL_BENCH_PRESS,TRICEPS,SECONDARY,SRC_CURATED_V1
BARBELL_BENCH_PRESS,SHOULDERS,SECONDARY,SRC_CURATED_V1
PAUSED_BARBELL_BENCH_PRESS,CHEST,PRIMARY,SRC_CURATED_V1
PAUSED_BARBELL_BENCH_PRESS,TRICEPS,SECONDARY,SRC_CURATED_V1
PAUSED_BARBELL_BENCH_PRESS,SHOULDERS,SECONDARY,SRC_CURATED_V1
CLOSE_GRIP_BARBELL_BENCH_PRESS,TRICEPS,PRIMARY,SRC_CURATED_V1
CLOSE_GRIP_BARBELL_BENCH_PRESS,CHEST,SECONDARY,SRC_CURATED_V1
CLOSE_GRIP_BARBELL_BENCH_PRESS,SHOULDERS,SECONDARY,SRC_CURATED_V1
WIDE_GRIP_BARBELL_BENCH_PRESS,CHEST,PRIMARY,SRC_CURATED_V1
WIDE_GRIP_BARBELL_BENCH_PRESS,TRICEPS,SECONDARY,SRC_CURATED_V1
WIDE_GRIP_BARBELL_BENCH_PRESS,SHOULDERS,SECONDARY,SRC_CURATED_V1
INCLINE_BARBELL_BENCH_PRESS,CHEST,PRIMARY,SRC_CURATED_V1
INCLINE_BARBELL_BENCH_PRESS,SHOULDERS,SECONDARY,SRC_CURATED_V1
INCLINE_BARBELL_BENCH_PRESS,TRICEPS,SECONDARY,SRC_CURATED_V1
DECLINE_BARBELL_BENCH_PRESS,CHEST,PRIMARY,SRC_CURATED_V1
DECLINE_BARBELL_BENCH_PRESS,TRICEPS,SECONDARY,SRC_CURATED_V1
DECLINE_BARBELL_BENCH_PRESS,SHOULDERS,SECONDARY,SRC_CURATED_V1
DUMBBELL_BENCH_PRESS,CHEST,PRIMARY,SRC_CURATED_V1
DUMBBELL_BENCH_PRESS,TRICEPS,SECONDARY,SRC_CURATED_V1
DUMBBELL_BENCH_PRESS,SHOULDERS,SECONDARY,SRC_CURATED_V1
ALTERNATING_DUMBBELL_BENCH_PRESS,CHEST,PRIMARY,SRC_CURATED_V1
ALTERNATING_DUMBBELL_BENCH_PRESS,TRICEPS,SECONDARY,SRC_CURATED_V1
ALTERNATING_DUMBBELL_BENCH_PRESS,SHOULDERS,SECONDARY,SRC_CURATED_V1
ALTERNATING_DUMBBELL_BENCH_PRESS,CORE,SECONDARY,SRC_CURATED_V1
SINGLE_ARM_DUMBBELL_BENCH_PRESS,CHEST,PRIMARY,SRC_CURATED_V1
SINGLE_ARM_DUMBBELL_BENCH_PRESS,TRICEPS,SECONDARY,SRC_CURATED_V1
SINGLE_ARM_DUMBBELL_BENCH_PRESS,SHOULDERS,SECONDARY,SRC_CURATED_V1
SINGLE_ARM_DUMBBELL_BENCH_PRESS,CORE,SECONDARY,SRC_CURATED_V1
INCLINE_DUMBBELL_BENCH_PRESS,CHEST,PRIMARY,SRC_CURATED_V1
INCLINE_DUMBBELL_BENCH_PRESS,SHOULDERS,SECONDARY,SRC_CURATED_V1
INCLINE_DUMBBELL_BENCH_PRESS,TRICEPS,SECONDARY,SRC_CURATED_V1
DECLINE_DUMBBELL_BENCH_PRESS,CHEST,PRIMARY,SRC_CURATED_V1
DECLINE_DUMBBELL_BENCH_PRESS,TRICEPS,SECONDARY,SRC_CURATED_V1
DECLINE_DUMBBELL_BENCH_PRESS,SHOULDERS,SECONDARY,SRC_CURATED_V1
NEUTRAL_GRIP_DUMBBELL_BENCH_PRESS,CHEST,PRIMARY,SRC_CURATED_V1
NEUTRAL_GRIP_DUMBBELL_BENCH_PRESS,TRICEPS,SECONDARY,SRC_CURATED_V1
NEUTRAL_GRIP_DUMBBELL_BENCH_PRESS,SHOULDERS,SECONDARY,SRC_CURATED_V1
DUMBBELL_FLOOR_PRESS,CHEST,PRIMARY,SRC_CURATED_V1
DUMBBELL_FLOOR_PRESS,TRICEPS,SECONDARY,SRC_CURATED_V1
DUMBBELL_FLOOR_PRESS,SHOULDERS,SECONDARY,SRC_CURATED_V1
BARBELL_FLOOR_PRESS,CHEST,PRIMARY,SRC_CURATED_V1
BARBELL_FLOOR_PRESS,TRICEPS,SECONDARY,SRC_CURATED_V1
BARBELL_FLOOR_PRESS,SHOULDERS,SECONDARY,SRC_CURATED_V1
SMITH_MACHINE_BENCH_PRESS,CHEST,PRIMARY,SRC_CURATED_V1
SMITH_MACHINE_BENCH_PRESS,TRICEPS,SECONDARY,SRC_CURATED_V1
SMITH_MACHINE_BENCH_PRESS,SHOULDERS,SECONDARY,SRC_CURATED_V1
SMITH_MACHINE_INCLINE_PRESS,CHEST,PRIMARY,SRC_CURATED_V1
SMITH_MACHINE_INCLINE_PRESS,SHOULDERS,SECONDARY,SRC_CURATED_V1
SMITH_MACHINE_INCLINE_PRESS,TRICEPS,SECONDARY,SRC_CURATED_V1
MACHINE_CHEST_PRESS,CHEST,PRIMARY,SRC_CURATED_V1
MACHINE_CHEST_PRESS,TRICEPS,SECONDARY,SRC_CURATED_V1
MACHINE_CHEST_PRESS,SHOULDERS,SECONDARY,SRC_CURATED_V1
INCLINE_CHEST_PRESS_MACHINE,CHEST,PRIMARY,SRC_CURATED_V1
INCLINE_CHEST_PRESS_MACHINE,SHOULDERS,SECONDARY,SRC_CURATED_V1
INCLINE_CHEST_PRESS_MACHINE,TRICEPS,SECONDARY,SRC_CURATED_V1
CABLE_CHEST_PRESS,CHEST,PRIMARY,SRC_CURATED_V1
CABLE_CHEST_PRESS,TRICEPS,SECONDARY,SRC_CURATED_V1
CABLE_CHEST_PRESS,SHOULDERS,SECONDARY,SRC_CURATED_V1
CABLE_CHEST_PRESS,CORE,SECONDARY,SRC_CURATED_V1
SINGLE_ARM_CABLE_CHEST_PRESS,CHEST,PRIMARY,SRC_CURATED_V1
SINGLE_ARM_CABLE_CHEST_PRESS,TRICEPS,SECONDARY,SRC_CURATED_V1
SINGLE_ARM_CABLE_CHEST_PRESS,SHOULDERS,SECONDARY,SRC_CURATED_V1
SINGLE_ARM_CABLE_CHEST_PRESS,CORE,SECONDARY,SRC_CURATED_V1
PUSH_UP,CHEST,PRIMARY,SRC_CURATED_V1
PUSH_UP,TRICEPS,SECONDARY,SRC_CURATED_V1
PUSH_UP,SHOULDERS,SECONDARY,SRC_CURATED_V1
PUSH_UP,CORE,SECONDARY,SRC_CURATED_V1
INCLINE_PUSH_UP,CHEST,PRIMARY,SRC_CURATED_V1
INCLINE_PUSH_UP,TRICEPS,SECONDARY,SRC_CURATED_V1
INCLINE_PUSH_UP,SHOULDERS,SECONDARY,SRC_CURATED_V1
INCLINE_PUSH_UP,CORE,SECONDARY,SRC_CURATED_V1
DECLINE_PUSH_UP,CHEST,PRIMARY,SRC_CURATED_V1
DECLINE_PUSH_UP,SHOULDERS,SECONDARY,SRC_CURATED_V1
DECLINE_PUSH_UP,TRICEPS,SECONDARY,SRC_CURATED_V1
DECLINE_PUSH_UP,CORE,SECONDARY,SRC_CURATED_V1
WEIGHTED_PUSH_UP,CHEST,PRIMARY,SRC_CURATED_V1
WEIGHTED_PUSH_UP,TRICEPS,SECONDARY,SRC_CURATED_V1
WEIGHTED_PUSH_UP,SHOULDERS,SECONDARY,SRC_CURATED_V1
WEIGHTED_PUSH_UP,CORE,SECONDARY,SRC_CURATED_V1
RING_SUSPENSION_PUSH_UP,CHEST,PRIMARY,SRC_CURATED_V1
RING_SUSPENSION_PUSH_UP,TRICEPS,SECONDARY,SRC_CURATED_V1
RING_SUSPENSION_PUSH_UP,SHOULDERS,SECONDARY,SRC_CURATED_V1
RING_SUSPENSION_PUSH_UP,CORE,SECONDARY,SRC_CURATED_V1
DUMBBELL_FLY,CHEST,PRIMARY,SRC_CURATED_V1
DUMBBELL_FLY,SHOULDERS,SECONDARY,SRC_CURATED_V1
INCLINE_DUMBBELL_FLY,CHEST,PRIMARY,SRC_CURATED_V1
INCLINE_DUMBBELL_FLY,SHOULDERS,SECONDARY,SRC_CURATED_V1
CABLE_FLY,CHEST,PRIMARY,SRC_CURATED_V1
CABLE_FLY,SHOULDERS,SECONDARY,SRC_CURATED_V1
LOW_TO_HIGH_CABLE_FLY,CHEST,PRIMARY,SRC_CURATED_V1
LOW_TO_HIGH_CABLE_FLY,SHOULDERS,SECONDARY,SRC_CURATED_V1
HIGH_TO_LOW_CABLE_FLY,CHEST,PRIMARY,SRC_CURATED_V1
HIGH_TO_LOW_CABLE_FLY,SHOULDERS,SECONDARY,SRC_CURATED_V1
PEC_DECK_FLY,CHEST,PRIMARY,SRC_CURATED_V1
PEC_DECK_FLY,SHOULDERS,SECONDARY,SRC_CURATED_V1
DUMBBELL_PULLOVER,CHEST,PRIMARY,SRC_CURATED_V1
DUMBBELL_PULLOVER,BACK,SECONDARY,SRC_CURATED_V1
DUMBBELL_PULLOVER,TRICEPS,SECONDARY,SRC_CURATED_V1
PULL_UP,BACK,PRIMARY,SRC_CURATED_V1
PULL_UP,BICEPS,SECONDARY,SRC_CURATED_V1
PULL_UP,FOREARMS,SECONDARY,SRC_CURATED_V1
PULL_UP,CORE,SECONDARY,SRC_CURATED_V1
CHIN_UP,BACK,PRIMARY,SRC_CURATED_V1
CHIN_UP,BICEPS,SECONDARY,SRC_CURATED_V1
CHIN_UP,FOREARMS,SECONDARY,SRC_CURATED_V1
CHIN_UP,CORE,SECONDARY,SRC_CURATED_V1
NEUTRAL_GRIP_PULL_UP,BACK,PRIMARY,SRC_CURATED_V1
NEUTRAL_GRIP_PULL_UP,BICEPS,SECONDARY,SRC_CURATED_V1
NEUTRAL_GRIP_PULL_UP,FOREARMS,SECONDARY,SRC_CURATED_V1
WIDE_GRIP_PULL_UP,BACK,PRIMARY,SRC_CURATED_V1
WIDE_GRIP_PULL_UP,BICEPS,SECONDARY,SRC_CURATED_V1
WIDE_GRIP_PULL_UP,FOREARMS,SECONDARY,SRC_CURATED_V1
WEIGHTED_PULL_UP,BACK,PRIMARY,SRC_CURATED_V1
WEIGHTED_PULL_UP,BICEPS,SECONDARY,SRC_CURATED_V1
WEIGHTED_PULL_UP,FOREARMS,SECONDARY,SRC_CURATED_V1
WEIGHTED_PULL_UP,CORE,SECONDARY,SRC_CURATED_V1
ASSISTED_PULL_UP,BACK,PRIMARY,SRC_CURATED_V1
ASSISTED_PULL_UP,BICEPS,SECONDARY,SRC_CURATED_V1
ASSISTED_PULL_UP,FOREARMS,SECONDARY,SRC_CURATED_V1
LAT_PULLDOWN,BACK,PRIMARY,SRC_CURATED_V1
LAT_PULLDOWN,BICEPS,SECONDARY,SRC_CURATED_V1
LAT_PULLDOWN,FOREARMS,SECONDARY,SRC_CURATED_V1
CLOSE_GRIP_LAT_PULLDOWN,BACK,PRIMARY,SRC_CURATED_V1
CLOSE_GRIP_LAT_PULLDOWN,BICEPS,SECONDARY,SRC_CURATED_V1
CLOSE_GRIP_LAT_PULLDOWN,FOREARMS,SECONDARY,SRC_CURATED_V1
NEUTRAL_GRIP_LAT_PULLDOWN,BACK,PRIMARY,SRC_CURATED_V1
NEUTRAL_GRIP_LAT_PULLDOWN,BICEPS,SECONDARY,SRC_CURATED_V1
NEUTRAL_GRIP_LAT_PULLDOWN,FOREARMS,SECONDARY,SRC_CURATED_V1
SINGLE_ARM_LAT_PULLDOWN,BACK,PRIMARY,SRC_CURATED_V1
SINGLE_ARM_LAT_PULLDOWN,BICEPS,SECONDARY,SRC_CURATED_V1
SINGLE_ARM_LAT_PULLDOWN,CORE,SECONDARY,SRC_CURATED_V1
STRAIGHT_ARM_PULLDOWN,BACK,PRIMARY,SRC_CURATED_V1
STRAIGHT_ARM_PULLDOWN,TRICEPS,SECONDARY,SRC_CURATED_V1
STRAIGHT_ARM_PULLDOWN,CORE,SECONDARY,SRC_CURATED_V1
BARBELL_BENT_OVER_ROW,BACK,PRIMARY,SRC_CURATED_V1
BARBELL_BENT_OVER_ROW,BICEPS,SECONDARY,SRC_CURATED_V1
BARBELL_BENT_OVER_ROW,FOREARMS,SECONDARY,SRC_CURATED_V1
BARBELL_BENT_OVER_ROW,LOWER_BACK,SECONDARY,SRC_CURATED_V1
PENDLAY_ROW,BACK,PRIMARY,SRC_CURATED_V1
PENDLAY_ROW,BICEPS,SECONDARY,SRC_CURATED_V1
PENDLAY_ROW,FOREARMS,SECONDARY,SRC_CURATED_V1
PENDLAY_ROW,LOWER_BACK,SECONDARY,SRC_CURATED_V1
UNDERHAND_BARBELL_ROW,BACK,PRIMARY,SRC_CURATED_V1
UNDERHAND_BARBELL_ROW,BICEPS,SECONDARY,SRC_CURATED_V1
UNDERHAND_BARBELL_ROW,FOREARMS,SECONDARY,SRC_CURATED_V1
UNDERHAND_BARBELL_ROW,LOWER_BACK,SECONDARY,SRC_CURATED_V1
DUMBBELL_ROW,BACK,PRIMARY,SRC_CURATED_V1
DUMBBELL_ROW,BICEPS,SECONDARY,SRC_CURATED_V1
DUMBBELL_ROW,FOREARMS,SECONDARY,SRC_CURATED_V1
CHEST_SUPPORTED_DUMBBELL_ROW,BACK,PRIMARY,SRC_CURATED_V1
CHEST_SUPPORTED_DUMBBELL_ROW,BICEPS,SECONDARY,SRC_CURATED_V1
CHEST_SUPPORTED_DUMBBELL_ROW,FOREARMS,SECONDARY,SRC_CURATED_V1
SEAL_ROW,BACK,PRIMARY,SRC_CURATED_V1
SEAL_ROW,BICEPS,SECONDARY,SRC_CURATED_V1
SEAL_ROW,FOREARMS,SECONDARY,SRC_CURATED_V1
T_BAR_ROW,BACK,PRIMARY,SRC_CURATED_V1
T_BAR_ROW,BICEPS,SECONDARY,SRC_CURATED_V1
T_BAR_ROW,FOREARMS,SECONDARY,SRC_CURATED_V1
CHEST_SUPPORTED_T_BAR_ROW,BACK,PRIMARY,SRC_CURATED_V1
CHEST_SUPPORTED_T_BAR_ROW,BICEPS,SECONDARY,SRC_CURATED_V1
CHEST_SUPPORTED_T_BAR_ROW,FOREARMS,SECONDARY,SRC_CURATED_V1
MEADOWS_ROW,BACK,PRIMARY,SRC_CURATED_V1
MEADOWS_ROW,BICEPS,SECONDARY,SRC_CURATED_V1
MEADOWS_ROW,FOREARMS,SECONDARY,SRC_CURATED_V1
MEADOWS_ROW,CORE,SECONDARY,SRC_CURATED_V1
SEATED_CABLE_ROW,BACK,PRIMARY,SRC_CURATED_V1
SEATED_CABLE_ROW,BICEPS,SECONDARY,SRC_CURATED_V1
SEATED_CABLE_ROW,FOREARMS,SECONDARY,SRC_CURATED_V1
WIDE_GRIP_SEATED_CABLE_ROW,BACK,PRIMARY,SRC_CURATED_V1
WIDE_GRIP_SEATED_CABLE_ROW,BICEPS,SECONDARY,SRC_CURATED_V1
WIDE_GRIP_SEATED_CABLE_ROW,SHOULDERS,SECONDARY,SRC_CURATED_V1
SINGLE_ARM_SEATED_CABLE_ROW,BACK,PRIMARY,SRC_CURATED_V1
SINGLE_ARM_SEATED_CABLE_ROW,BICEPS,SECONDARY,SRC_CURATED_V1
SINGLE_ARM_SEATED_CABLE_ROW,CORE,SECONDARY,SRC_CURATED_V1
MACHINE_SEATED_ROW,BACK,PRIMARY,SRC_CURATED_V1
MACHINE_SEATED_ROW,BICEPS,SECONDARY,SRC_CURATED_V1
SINGLE_ARM_MACHINE_ROW,BACK,PRIMARY,SRC_CURATED_V1
SINGLE_ARM_MACHINE_ROW,BICEPS,SECONDARY,SRC_CURATED_V1
SINGLE_ARM_MACHINE_ROW,CORE,SECONDARY,SRC_CURATED_V1
INVERTED_ROW,BACK,PRIMARY,SRC_CURATED_V1
INVERTED_ROW,BICEPS,SECONDARY,SRC_CURATED_V1
INVERTED_ROW,CORE,SECONDARY,SRC_CURATED_V1
SUSPENSION_ROW,BACK,PRIMARY,SRC_CURATED_V1
SUSPENSION_ROW,BICEPS,SECONDARY,SRC_CURATED_V1
SUSPENSION_ROW,CORE,SECONDARY,SRC_CURATED_V1
FACE_PULL,SHOULDERS,PRIMARY,SRC_CURATED_V1
FACE_PULL,BACK,SECONDARY,SRC_CURATED_V1
FACE_PULL,BICEPS,SECONDARY,SRC_CURATED_V1
BAND_FACE_PULL,SHOULDERS,PRIMARY,SRC_CURATED_V1
BAND_FACE_PULL,BACK,SECONDARY,SRC_CURATED_V1
REVERSE_PEC_DECK,SHOULDERS,PRIMARY,SRC_CURATED_V1
REVERSE_PEC_DECK,BACK,SECONDARY,SRC_CURATED_V1
CABLE_REAR_DELT_FLY,SHOULDERS,PRIMARY,SRC_CURATED_V1
CABLE_REAR_DELT_FLY,BACK,SECONDARY,SRC_CURATED_V1
DUMBBELL_REAR_DELT_FLY,SHOULDERS,PRIMARY,SRC_CURATED_V1
DUMBBELL_REAR_DELT_FLY,BACK,SECONDARY,SRC_CURATED_V1
BARBELL_SHRUG,BACK,PRIMARY,SRC_CURATED_V1
BARBELL_SHRUG,FOREARMS,SECONDARY,SRC_CURATED_V1
DUMBBELL_SHRUG,BACK,PRIMARY,SRC_CURATED_V1
DUMBBELL_SHRUG,FOREARMS,SECONDARY,SRC_CURATED_V1
TRAP_BAR_SHRUG,BACK,PRIMARY,SRC_CURATED_V1
TRAP_BAR_SHRUG,FOREARMS,SECONDARY,SRC_CURATED_V1
CABLE_SHRUG,BACK,PRIMARY,SRC_CURATED_V1
CABLE_SHRUG,FOREARMS,SECONDARY,SRC_CURATED_V1
RACK_PULL,BACK,PRIMARY,SRC_CURATED_V1
RACK_PULL,GLUTES,SECONDARY,SRC_CURATED_V1
RACK_PULL,HAMSTRINGS,SECONDARY,SRC_CURATED_V1
RACK_PULL,FOREARMS,SECONDARY,SRC_CURATED_V1
RACK_PULL,LOWER_BACK,SECONDARY,SRC_CURATED_V1
CONVENTIONAL_DEADLIFT,BACK,PRIMARY,SRC_CURATED_V1
CONVENTIONAL_DEADLIFT,GLUTES,SECONDARY,SRC_CURATED_V1
CONVENTIONAL_DEADLIFT,HAMSTRINGS,SECONDARY,SRC_CURATED_V1
CONVENTIONAL_DEADLIFT,QUADRICEPS,SECONDARY,SRC_CURATED_V1
CONVENTIONAL_DEADLIFT,FOREARMS,SECONDARY,SRC_CURATED_V1
CONVENTIONAL_DEADLIFT,CORE,SECONDARY,SRC_CURATED_V1
SUMO_DEADLIFT,GLUTES,PRIMARY,SRC_CURATED_V1
SUMO_DEADLIFT,BACK,SECONDARY,SRC_CURATED_V1
SUMO_DEADLIFT,QUADRICEPS,SECONDARY,SRC_CURATED_V1
SUMO_DEADLIFT,HAMSTRINGS,SECONDARY,SRC_CURATED_V1
SUMO_DEADLIFT,ADDUCTORS,SECONDARY,SRC_CURATED_V1
SUMO_DEADLIFT,FOREARMS,SECONDARY,SRC_CURATED_V1
TRAP_BAR_DEADLIFT,GLUTES,PRIMARY,SRC_CURATED_V1
TRAP_BAR_DEADLIFT,QUADRICEPS,SECONDARY,SRC_CURATED_V1
TRAP_BAR_DEADLIFT,BACK,SECONDARY,SRC_CURATED_V1
TRAP_BAR_DEADLIFT,HAMSTRINGS,SECONDARY,SRC_CURATED_V1
TRAP_BAR_DEADLIFT,FOREARMS,SECONDARY,SRC_CURATED_V1
ROMANIAN_DEADLIFT,HAMSTRINGS,PRIMARY,SRC_CURATED_V1
ROMANIAN_DEADLIFT,GLUTES,SECONDARY,SRC_CURATED_V1
ROMANIAN_DEADLIFT,BACK,SECONDARY,SRC_CURATED_V1
ROMANIAN_DEADLIFT,FOREARMS,SECONDARY,SRC_CURATED_V1
DUMBBELL_ROMANIAN_DEADLIFT,HAMSTRINGS,PRIMARY,SRC_CURATED_V1
DUMBBELL_ROMANIAN_DEADLIFT,GLUTES,SECONDARY,SRC_CURATED_V1
DUMBBELL_ROMANIAN_DEADLIFT,BACK,SECONDARY,SRC_CURATED_V1
DUMBBELL_ROMANIAN_DEADLIFT,FOREARMS,SECONDARY,SRC_CURATED_V1
SINGLE_LEG_ROMANIAN_DEADLIFT,HAMSTRINGS,PRIMARY,SRC_CURATED_V1
SINGLE_LEG_ROMANIAN_DEADLIFT,GLUTES,SECONDARY,SRC_CURATED_V1
SINGLE_LEG_ROMANIAN_DEADLIFT,CORE,SECONDARY,SRC_CURATED_V1
GOOD_MORNING,HAMSTRINGS,PRIMARY,SRC_CURATED_V1
GOOD_MORNING,GLUTES,SECONDARY,SRC_CURATED_V1
GOOD_MORNING,LOWER_BACK,SECONDARY,SRC_CURATED_V1
45_DEGREE_BACK_EXTENSION,LOWER_BACK,PRIMARY,SRC_CURATED_V1
45_DEGREE_BACK_EXTENSION,GLUTES,SECONDARY,SRC_CURATED_V1
45_DEGREE_BACK_EXTENSION,HAMSTRINGS,SECONDARY,SRC_CURATED_V1
WEIGHTED_BACK_EXTENSION,LOWER_BACK,PRIMARY,SRC_CURATED_V1
WEIGHTED_BACK_EXTENSION,GLUTES,SECONDARY,SRC_CURATED_V1
WEIGHTED_BACK_EXTENSION,HAMSTRINGS,SECONDARY,SRC_CURATED_V1
STANDING_BARBELL_OVERHEAD_PRESS,SHOULDERS,PRIMARY,SRC_CURATED_V1
STANDING_BARBELL_OVERHEAD_PRESS,TRICEPS,SECONDARY,SRC_CURATED_V1
STANDING_BARBELL_OVERHEAD_PRESS,CORE,SECONDARY,SRC_CURATED_V1
SEATED_BARBELL_OVERHEAD_PRESS,SHOULDERS,PRIMARY,SRC_CURATED_V1
SEATED_BARBELL_OVERHEAD_PRESS,TRICEPS,SECONDARY,SRC_CURATED_V1
DUMBBELL_SHOULDER_PRESS,SHOULDERS,PRIMARY,SRC_CURATED_V1
DUMBBELL_SHOULDER_PRESS,TRICEPS,SECONDARY,SRC_CURATED_V1
STANDING_DUMBBELL_OVERHEAD_PRESS,SHOULDERS,PRIMARY,SRC_CURATED_V1
STANDING_DUMBBELL_OVERHEAD_PRESS,TRICEPS,SECONDARY,SRC_CURATED_V1
STANDING_DUMBBELL_OVERHEAD_PRESS,CORE,SECONDARY,SRC_CURATED_V1
SINGLE_ARM_DUMBBELL_OVERHEAD_PRESS,SHOULDERS,PRIMARY,SRC_CURATED_V1
SINGLE_ARM_DUMBBELL_OVERHEAD_PRESS,TRICEPS,SECONDARY,SRC_CURATED_V1
SINGLE_ARM_DUMBBELL_OVERHEAD_PRESS,CORE,SECONDARY,SRC_CURATED_V1
ARNOLD_PRESS,SHOULDERS,PRIMARY,SRC_CURATED_V1
ARNOLD_PRESS,TRICEPS,SECONDARY,SRC_CURATED_V1
MACHINE_SHOULDER_PRESS,SHOULDERS,PRIMARY,SRC_CURATED_V1
MACHINE_SHOULDER_PRESS,TRICEPS,SECONDARY,SRC_CURATED_V1
SMITH_MACHINE_SHOULDER_PRESS,SHOULDERS,PRIMARY,SRC_CURATED_V1
SMITH_MACHINE_SHOULDER_PRESS,TRICEPS,SECONDARY,SRC_CURATED_V1
LANDMINE_PRESS,SHOULDERS,PRIMARY,SRC_CURATED_V1
LANDMINE_PRESS,CHEST,SECONDARY,SRC_CURATED_V1
LANDMINE_PRESS,TRICEPS,SECONDARY,SRC_CURATED_V1
LANDMINE_PRESS,CORE,SECONDARY,SRC_CURATED_V1
HALF_KNEELING_LANDMINE_PRESS,SHOULDERS,PRIMARY,SRC_CURATED_V1
HALF_KNEELING_LANDMINE_PRESS,CHEST,SECONDARY,SRC_CURATED_V1
HALF_KNEELING_LANDMINE_PRESS,TRICEPS,SECONDARY,SRC_CURATED_V1
HALF_KNEELING_LANDMINE_PRESS,CORE,SECONDARY,SRC_CURATED_V1
DUMBBELL_LATERAL_RAISE,SHOULDERS,PRIMARY,SRC_CURATED_V1
SINGLE_ARM_DUMBBELL_LATERAL_RAISE,SHOULDERS,PRIMARY,SRC_CURATED_V1
CABLE_LATERAL_RAISE,SHOULDERS,PRIMARY,SRC_CURATED_V1
MACHINE_LATERAL_RAISE,SHOULDERS,PRIMARY,SRC_CURATED_V1
LEAN_AWAY_CABLE_LATERAL_RAISE,SHOULDERS,PRIMARY,SRC_CURATED_V1
DUMBBELL_FRONT_RAISE,SHOULDERS,PRIMARY,SRC_CURATED_V1
DUMBBELL_FRONT_RAISE,CHEST,SECONDARY,SRC_CURATED_V1
CABLE_FRONT_RAISE,SHOULDERS,PRIMARY,SRC_CURATED_V1
CABLE_FRONT_RAISE,CHEST,SECONDARY,SRC_CURATED_V1
PLATE_FRONT_RAISE,SHOULDERS,PRIMARY,SRC_CURATED_V1
PLATE_FRONT_RAISE,CHEST,SECONDARY,SRC_CURATED_V1
CABLE_EXTERNAL_ROTATION,SHOULDERS,PRIMARY,SRC_CURATED_V1
BAND_EXTERNAL_ROTATION,SHOULDERS,PRIMARY,SRC_CURATED_V1
CABLE_INTERNAL_ROTATION,SHOULDERS,PRIMARY,SRC_CURATED_V1
BAND_PULL_APART,SHOULDERS,PRIMARY,SRC_CURATED_V1
BAND_PULL_APART,BACK,SECONDARY,SRC_CURATED_V1
SCAPULAR_WALL_SLIDE,SHOULDERS,PRIMARY,SRC_CURATED_V1
SCAPULAR_WALL_SLIDE,BACK,SECONDARY,SRC_CURATED_V1
WALL_ANGEL,SHOULDERS,PRIMARY,SRC_CURATED_V1
WALL_ANGEL,BACK,SECONDARY,SRC_CURATED_V1
BARBELL_CURL,BICEPS,PRIMARY,SRC_CURATED_V1
BARBELL_CURL,FOREARMS,SECONDARY,SRC_CURATED_V1
EZ_BAR_CURL,BICEPS,PRIMARY,SRC_CURATED_V1
EZ_BAR_CURL,FOREARMS,SECONDARY,SRC_CURATED_V1
DUMBBELL_CURL,BICEPS,PRIMARY,SRC_CURATED_V1
DUMBBELL_CURL,FOREARMS,SECONDARY,SRC_CURATED_V1
ALTERNATING_DUMBBELL_CURL,BICEPS,PRIMARY,SRC_CURATED_V1
ALTERNATING_DUMBBELL_CURL,FOREARMS,SECONDARY,SRC_CURATED_V1
INCLINE_DUMBBELL_CURL,BICEPS,PRIMARY,SRC_CURATED_V1
INCLINE_DUMBBELL_CURL,FOREARMS,SECONDARY,SRC_CURATED_V1
HAMMER_CURL,BICEPS,PRIMARY,SRC_CURATED_V1
HAMMER_CURL,FOREARMS,SECONDARY,SRC_CURATED_V1
CROSS_BODY_HAMMER_CURL,BICEPS,PRIMARY,SRC_CURATED_V1
CROSS_BODY_HAMMER_CURL,FOREARMS,SECONDARY,SRC_CURATED_V1
CABLE_CURL,BICEPS,PRIMARY,SRC_CURATED_V1
CABLE_CURL,FOREARMS,SECONDARY,SRC_CURATED_V1
SINGLE_ARM_CABLE_CURL,BICEPS,PRIMARY,SRC_CURATED_V1
SINGLE_ARM_CABLE_CURL,FOREARMS,SECONDARY,SRC_CURATED_V1
PREACHER_CURL,BICEPS,PRIMARY,SRC_CURATED_V1
PREACHER_CURL,FOREARMS,SECONDARY,SRC_CURATED_V1
DUMBBELL_PREACHER_CURL,BICEPS,PRIMARY,SRC_CURATED_V1
DUMBBELL_PREACHER_CURL,FOREARMS,SECONDARY,SRC_CURATED_V1
SPIDER_CURL,BICEPS,PRIMARY,SRC_CURATED_V1
SPIDER_CURL,FOREARMS,SECONDARY,SRC_CURATED_V1
CONCENTRATION_CURL,BICEPS,PRIMARY,SRC_CURATED_V1
CONCENTRATION_CURL,FOREARMS,SECONDARY,SRC_CURATED_V1
REVERSE_CURL,FOREARMS,PRIMARY,SRC_CURATED_V1
REVERSE_CURL,BICEPS,SECONDARY,SRC_CURATED_V1
WRIST_CURL,FOREARMS,PRIMARY,SRC_CURATED_V1
REVERSE_WRIST_CURL,FOREARMS,PRIMARY,SRC_CURATED_V1
WRIST_ROLLER,FOREARMS,PRIMARY,SRC_CURATED_V1
FARMER_HOLD,FOREARMS,PRIMARY,SRC_CURATED_V1
FARMER_HOLD,BACK,SECONDARY,SRC_CURATED_V1
FARMER_HOLD,CORE,SECONDARY,SRC_CURATED_V1
DEAD_HANG,FOREARMS,PRIMARY,SRC_CURATED_V1
DEAD_HANG,BACK,SECONDARY,SRC_CURATED_V1
DEAD_HANG,SHOULDERS,SECONDARY,SRC_CURATED_V1
BARBELL_SKULL_CRUSHER,TRICEPS,PRIMARY,SRC_CURATED_V1
DUMBBELL_SKULL_CRUSHER,TRICEPS,PRIMARY,SRC_CURATED_V1
CABLE_TRICEPS_PUSHDOWN,TRICEPS,PRIMARY,SRC_CURATED_V1
ROPE_TRICEPS_PUSHDOWN,TRICEPS,PRIMARY,SRC_CURATED_V1
SINGLE_ARM_CABLE_PUSHDOWN,TRICEPS,PRIMARY,SRC_CURATED_V1
OVERHEAD_CABLE_TRICEPS_EXTENSION,TRICEPS,PRIMARY,SRC_CURATED_V1
DUMBBELL_OVERHEAD_TRICEPS_EXTENSION,TRICEPS,PRIMARY,SRC_CURATED_V1
SINGLE_ARM_DUMBBELL_OVERHEAD_TRICEPS_EXTENSION,TRICEPS,PRIMARY,SRC_CURATED_V1
BENCH_DIP,TRICEPS,PRIMARY,SRC_CURATED_V1
BENCH_DIP,CHEST,SECONDARY,SRC_CURATED_V1
BENCH_DIP,SHOULDERS,SECONDARY,SRC_CURATED_V1
PARALLEL_BAR_DIP,TRICEPS,PRIMARY,SRC_CURATED_V1
PARALLEL_BAR_DIP,CHEST,SECONDARY,SRC_CURATED_V1
PARALLEL_BAR_DIP,SHOULDERS,SECONDARY,SRC_CURATED_V1
WEIGHTED_DIP,TRICEPS,PRIMARY,SRC_CURATED_V1
WEIGHTED_DIP,CHEST,SECONDARY,SRC_CURATED_V1
WEIGHTED_DIP,SHOULDERS,SECONDARY,SRC_CURATED_V1
BACK_SQUAT,QUADRICEPS,PRIMARY,SRC_CURATED_V1
BACK_SQUAT,GLUTES,SECONDARY,SRC_CURATED_V1
BACK_SQUAT,HAMSTRINGS,SECONDARY,SRC_CURATED_V1
BACK_SQUAT,CORE,SECONDARY,SRC_CURATED_V1
BACK_SQUAT,LOWER_BACK,SECONDARY,SRC_CURATED_V1
HIGH_BAR_BACK_SQUAT,QUADRICEPS,PRIMARY,SRC_CURATED_V1
HIGH_BAR_BACK_SQUAT,GLUTES,SECONDARY,SRC_CURATED_V1
HIGH_BAR_BACK_SQUAT,CORE,SECONDARY,SRC_CURATED_V1
LOW_BAR_BACK_SQUAT,GLUTES,PRIMARY,SRC_CURATED_V1
LOW_BAR_BACK_SQUAT,QUADRICEPS,SECONDARY,SRC_CURATED_V1
LOW_BAR_BACK_SQUAT,HAMSTRINGS,SECONDARY,SRC_CURATED_V1
LOW_BAR_BACK_SQUAT,CORE,SECONDARY,SRC_CURATED_V1
LOW_BAR_BACK_SQUAT,LOWER_BACK,SECONDARY,SRC_CURATED_V1
FRONT_SQUAT,QUADRICEPS,PRIMARY,SRC_CURATED_V1
FRONT_SQUAT,GLUTES,SECONDARY,SRC_CURATED_V1
FRONT_SQUAT,CORE,SECONDARY,SRC_CURATED_V1
FRONT_SQUAT,BACK,SECONDARY,SRC_CURATED_V1
GOBLET_SQUAT,QUADRICEPS,PRIMARY,SRC_CURATED_V1
GOBLET_SQUAT,GLUTES,SECONDARY,SRC_CURATED_V1
GOBLET_SQUAT,CORE,SECONDARY,SRC_CURATED_V1
DUMBBELL_SQUAT,QUADRICEPS,PRIMARY,SRC_CURATED_V1
DUMBBELL_SQUAT,GLUTES,SECONDARY,SRC_CURATED_V1
DUMBBELL_SQUAT,CORE,SECONDARY,SRC_CURATED_V1
KETTLEBELL_GOBLET_SQUAT,QUADRICEPS,PRIMARY,SRC_CURATED_V1
KETTLEBELL_GOBLET_SQUAT,GLUTES,SECONDARY,SRC_CURATED_V1
KETTLEBELL_GOBLET_SQUAT,CORE,SECONDARY,SRC_CURATED_V1
BOX_SQUAT,GLUTES,PRIMARY,SRC_CURATED_V1
BOX_SQUAT,QUADRICEPS,SECONDARY,SRC_CURATED_V1
BOX_SQUAT,HAMSTRINGS,SECONDARY,SRC_CURATED_V1
BOX_SQUAT,CORE,SECONDARY,SRC_CURATED_V1
SAFETY_BAR_SQUAT,QUADRICEPS,PRIMARY,SRC_CURATED_V1
SAFETY_BAR_SQUAT,GLUTES,SECONDARY,SRC_CURATED_V1
SAFETY_BAR_SQUAT,CORE,SECONDARY,SRC_CURATED_V1
SAFETY_BAR_SQUAT,BACK,SECONDARY,SRC_CURATED_V1
ZERCHER_SQUAT,QUADRICEPS,PRIMARY,SRC_CURATED_V1
ZERCHER_SQUAT,GLUTES,SECONDARY,SRC_CURATED_V1
ZERCHER_SQUAT,CORE,SECONDARY,SRC_CURATED_V1
ZERCHER_SQUAT,BACK,SECONDARY,SRC_CURATED_V1
HACK_SQUAT_MACHINE,QUADRICEPS,PRIMARY,SRC_CURATED_V1
HACK_SQUAT_MACHINE,GLUTES,SECONDARY,SRC_CURATED_V1
SMITH_MACHINE_SQUAT,QUADRICEPS,PRIMARY,SRC_CURATED_V1
SMITH_MACHINE_SQUAT,GLUTES,SECONDARY,SRC_CURATED_V1
LEG_PRESS,QUADRICEPS,PRIMARY,SRC_CURATED_V1
LEG_PRESS,GLUTES,SECONDARY,SRC_CURATED_V1
LEG_PRESS,HAMSTRINGS,SECONDARY,SRC_CURATED_V1
SINGLE_LEG_PRESS,QUADRICEPS,PRIMARY,SRC_CURATED_V1
SINGLE_LEG_PRESS,GLUTES,SECONDARY,SRC_CURATED_V1
SINGLE_LEG_PRESS,HAMSTRINGS,SECONDARY,SRC_CURATED_V1
BULGARIAN_SPLIT_SQUAT,QUADRICEPS,PRIMARY,SRC_CURATED_V1
BULGARIAN_SPLIT_SQUAT,GLUTES,SECONDARY,SRC_CURATED_V1
BULGARIAN_SPLIT_SQUAT,HAMSTRINGS,SECONDARY,SRC_CURATED_V1
BULGARIAN_SPLIT_SQUAT,CORE,SECONDARY,SRC_CURATED_V1
REAR_FOOT_ELEVATED_SPLIT_SQUAT,QUADRICEPS,PRIMARY,SRC_CURATED_V1
REAR_FOOT_ELEVATED_SPLIT_SQUAT,GLUTES,SECONDARY,SRC_CURATED_V1
REAR_FOOT_ELEVATED_SPLIT_SQUAT,HAMSTRINGS,SECONDARY,SRC_CURATED_V1
REAR_FOOT_ELEVATED_SPLIT_SQUAT,CORE,SECONDARY,SRC_CURATED_V1
SPLIT_SQUAT,QUADRICEPS,PRIMARY,SRC_CURATED_V1
SPLIT_SQUAT,GLUTES,SECONDARY,SRC_CURATED_V1
SPLIT_SQUAT,HAMSTRINGS,SECONDARY,SRC_CURATED_V1
SPLIT_SQUAT,CORE,SECONDARY,SRC_CURATED_V1
FRONT_FOOT_ELEVATED_SPLIT_SQUAT,QUADRICEPS,PRIMARY,SRC_CURATED_V1
FRONT_FOOT_ELEVATED_SPLIT_SQUAT,GLUTES,SECONDARY,SRC_CURATED_V1
FRONT_FOOT_ELEVATED_SPLIT_SQUAT,CORE,SECONDARY,SRC_CURATED_V1
FORWARD_LUNGE,QUADRICEPS,PRIMARY,SRC_CURATED_V1
FORWARD_LUNGE,GLUTES,SECONDARY,SRC_CURATED_V1
FORWARD_LUNGE,HAMSTRINGS,SECONDARY,SRC_CURATED_V1
FORWARD_LUNGE,CORE,SECONDARY,SRC_CURATED_V1
REVERSE_LUNGE,GLUTES,PRIMARY,SRC_CURATED_V1
REVERSE_LUNGE,QUADRICEPS,SECONDARY,SRC_CURATED_V1
REVERSE_LUNGE,HAMSTRINGS,SECONDARY,SRC_CURATED_V1
REVERSE_LUNGE,CORE,SECONDARY,SRC_CURATED_V1
WALKING_LUNGE,QUADRICEPS,PRIMARY,SRC_CURATED_V1
WALKING_LUNGE,GLUTES,SECONDARY,SRC_CURATED_V1
WALKING_LUNGE,HAMSTRINGS,SECONDARY,SRC_CURATED_V1
WALKING_LUNGE,CORE,SECONDARY,SRC_CURATED_V1
LATERAL_LUNGE,ADDUCTORS,PRIMARY,SRC_CURATED_V1
LATERAL_LUNGE,GLUTES,SECONDARY,SRC_CURATED_V1
LATERAL_LUNGE,QUADRICEPS,SECONDARY,SRC_CURATED_V1
LATERAL_LUNGE,HAMSTRINGS,SECONDARY,SRC_CURATED_V1
CURTSY_LUNGE,GLUTES,PRIMARY,SRC_CURATED_V1
CURTSY_LUNGE,QUADRICEPS,SECONDARY,SRC_CURATED_V1
CURTSY_LUNGE,ABDUCTORS,SECONDARY,SRC_CURATED_V1
STEP_UP,QUADRICEPS,PRIMARY,SRC_CURATED_V1
STEP_UP,GLUTES,SECONDARY,SRC_CURATED_V1
STEP_UP,HAMSTRINGS,SECONDARY,SRC_CURATED_V1
DUMBBELL_STEP_UP,QUADRICEPS,PRIMARY,SRC_CURATED_V1
DUMBBELL_STEP_UP,GLUTES,SECONDARY,SRC_CURATED_V1
DUMBBELL_STEP_UP,HAMSTRINGS,SECONDARY,SRC_CURATED_V1
DUMBBELL_STEP_UP,CORE,SECONDARY,SRC_CURATED_V1
LATERAL_STEP_UP,GLUTES,PRIMARY,SRC_CURATED_V1
LATERAL_STEP_UP,QUADRICEPS,SECONDARY,SRC_CURATED_V1
LATERAL_STEP_UP,ABDUCTORS,SECONDARY,SRC_CURATED_V1
LEG_EXTENSION,QUADRICEPS,PRIMARY,SRC_CURATED_V1
SINGLE_LEG_EXTENSION,QUADRICEPS,PRIMARY,SRC_CURATED_V1
SISSY_SQUAT,QUADRICEPS,PRIMARY,SRC_CURATED_V1
SISSY_SQUAT,CORE,SECONDARY,SRC_CURATED_V1
NORDIC_HAMSTRING_CURL,HAMSTRINGS,PRIMARY,SRC_CURATED_V1
NORDIC_HAMSTRING_CURL,GLUTES,SECONDARY,SRC_CURATED_V1
NORDIC_HAMSTRING_CURL,CALVES,SECONDARY,SRC_CURATED_V1
SEATED_LEG_CURL,HAMSTRINGS,PRIMARY,SRC_CURATED_V1
LYING_LEG_CURL,HAMSTRINGS,PRIMARY,SRC_CURATED_V1
STANDING_SINGLE_LEG_CURL,HAMSTRINGS,PRIMARY,SRC_CURATED_V1
STABILITY_BALL_LEG_CURL,HAMSTRINGS,PRIMARY,SRC_CURATED_V1
STABILITY_BALL_LEG_CURL,GLUTES,SECONDARY,SRC_CURATED_V1
STABILITY_BALL_LEG_CURL,CORE,SECONDARY,SRC_CURATED_V1
SLIDING_LEG_CURL,HAMSTRINGS,PRIMARY,SRC_CURATED_V1
SLIDING_LEG_CURL,GLUTES,SECONDARY,SRC_CURATED_V1
SLIDING_LEG_CURL,CORE,SECONDARY,SRC_CURATED_V1
BARBELL_HIP_THRUST,GLUTES,PRIMARY,SRC_CURATED_V1
BARBELL_HIP_THRUST,HAMSTRINGS,SECONDARY,SRC_CURATED_V1
BARBELL_HIP_THRUST,CORE,SECONDARY,SRC_CURATED_V1
DUMBBELL_HIP_THRUST,GLUTES,PRIMARY,SRC_CURATED_V1
DUMBBELL_HIP_THRUST,HAMSTRINGS,SECONDARY,SRC_CURATED_V1
DUMBBELL_HIP_THRUST,CORE,SECONDARY,SRC_CURATED_V1
MACHINE_HIP_THRUST,GLUTES,PRIMARY,SRC_CURATED_V1
MACHINE_HIP_THRUST,HAMSTRINGS,SECONDARY,SRC_CURATED_V1
SINGLE_LEG_HIP_THRUST,GLUTES,PRIMARY,SRC_CURATED_V1
SINGLE_LEG_HIP_THRUST,HAMSTRINGS,SECONDARY,SRC_CURATED_V1
SINGLE_LEG_HIP_THRUST,CORE,SECONDARY,SRC_CURATED_V1
GLUTE_BRIDGE,GLUTES,PRIMARY,SRC_CURATED_V1
GLUTE_BRIDGE,HAMSTRINGS,SECONDARY,SRC_CURATED_V1
GLUTE_BRIDGE,CORE,SECONDARY,SRC_CURATED_V1
SINGLE_LEG_GLUTE_BRIDGE,GLUTES,PRIMARY,SRC_CURATED_V1
SINGLE_LEG_GLUTE_BRIDGE,HAMSTRINGS,SECONDARY,SRC_CURATED_V1
SINGLE_LEG_GLUTE_BRIDGE,CORE,SECONDARY,SRC_CURATED_V1
CABLE_PULL_THROUGH,GLUTES,PRIMARY,SRC_CURATED_V1
CABLE_PULL_THROUGH,HAMSTRINGS,SECONDARY,SRC_CURATED_V1
CABLE_PULL_THROUGH,CORE,SECONDARY,SRC_CURATED_V1
KETTLEBELL_SWING,GLUTES,PRIMARY,SRC_CURATED_V1
KETTLEBELL_SWING,HAMSTRINGS,SECONDARY,SRC_CURATED_V1
KETTLEBELL_SWING,CORE,SECONDARY,SRC_CURATED_V1
KETTLEBELL_SWING,BACK,SECONDARY,SRC_CURATED_V1
CABLE_HIP_ABDUCTION,ABDUCTORS,PRIMARY,SRC_CURATED_V1
CABLE_HIP_ABDUCTION,GLUTES,SECONDARY,SRC_CURATED_V1
MACHINE_HIP_ABDUCTION,ABDUCTORS,PRIMARY,SRC_CURATED_V1
MACHINE_HIP_ABDUCTION,GLUTES,SECONDARY,SRC_CURATED_V1
BAND_LATERAL_WALK,ABDUCTORS,PRIMARY,SRC_CURATED_V1
BAND_LATERAL_WALK,GLUTES,SECONDARY,SRC_CURATED_V1
MONSTER_WALK,ABDUCTORS,PRIMARY,SRC_CURATED_V1
MONSTER_WALK,GLUTES,SECONDARY,SRC_CURATED_V1
CABLE_HIP_ADDUCTION,ADDUCTORS,PRIMARY,SRC_CURATED_V1
MACHINE_HIP_ADDUCTION,ADDUCTORS,PRIMARY,SRC_CURATED_V1
STANDING_CALF_RAISE,CALVES,PRIMARY,SRC_CURATED_V1
DUMBBELL_STANDING_CALF_RAISE,CALVES,PRIMARY,SRC_CURATED_V1
MACHINE_STANDING_CALF_RAISE,CALVES,PRIMARY,SRC_CURATED_V1
SEATED_CALF_RAISE,CALVES,PRIMARY,SRC_CURATED_V1
SINGLE_LEG_CALF_RAISE,CALVES,PRIMARY,SRC_CURATED_V1
LEG_PRESS_CALF_RAISE,CALVES,PRIMARY,SRC_CURATED_V1
TIBIALIS_RAISE,CALVES,PRIMARY,SRC_CURATED_V1
CRUNCH,CORE,PRIMARY,SRC_CURATED_V1
CABLE_CRUNCH,CORE,PRIMARY,SRC_CURATED_V1
MACHINE_CRUNCH,CORE,PRIMARY,SRC_CURATED_V1
REVERSE_CRUNCH,CORE,PRIMARY,SRC_CURATED_V1
REVERSE_CRUNCH,HIP_FLEXORS,SECONDARY,SRC_CURATED_V1
HANGING_KNEE_RAISE,CORE,PRIMARY,SRC_CURATED_V1
HANGING_KNEE_RAISE,HIP_FLEXORS,SECONDARY,SRC_CURATED_V1
HANGING_KNEE_RAISE,FOREARMS,SECONDARY,SRC_CURATED_V1
HANGING_LEG_RAISE,CORE,PRIMARY,SRC_CURATED_V1
HANGING_LEG_RAISE,HIP_FLEXORS,SECONDARY,SRC_CURATED_V1
HANGING_LEG_RAISE,FOREARMS,SECONDARY,SRC_CURATED_V1
CAPTAIN_S_CHAIR_KNEE_RAISE,CORE,PRIMARY,SRC_CURATED_V1
CAPTAIN_S_CHAIR_KNEE_RAISE,HIP_FLEXORS,SECONDARY,SRC_CURATED_V1
AB_WHEEL_ROLLOUT,CORE,PRIMARY,SRC_CURATED_V1
AB_WHEEL_ROLLOUT,SHOULDERS,SECONDARY,SRC_CURATED_V1
AB_WHEEL_ROLLOUT,BACK,SECONDARY,SRC_CURATED_V1
BARBELL_ROLLOUT,CORE,PRIMARY,SRC_CURATED_V1
BARBELL_ROLLOUT,SHOULDERS,SECONDARY,SRC_CURATED_V1
BARBELL_ROLLOUT,BACK,SECONDARY,SRC_CURATED_V1
PLANK,CORE,PRIMARY,SRC_CURATED_V1
PLANK,SHOULDERS,SECONDARY,SRC_CURATED_V1
PLANK,GLUTES,SECONDARY,SRC_CURATED_V1
LONG_LEVER_PLANK,CORE,PRIMARY,SRC_CURATED_V1
LONG_LEVER_PLANK,SHOULDERS,SECONDARY,SRC_CURATED_V1
LONG_LEVER_PLANK,GLUTES,SECONDARY,SRC_CURATED_V1
RKC_PLANK,CORE,PRIMARY,SRC_CURATED_V1
RKC_PLANK,GLUTES,SECONDARY,SRC_CURATED_V1
RKC_PLANK,SHOULDERS,SECONDARY,SRC_CURATED_V1
SIDE_PLANK,CORE,PRIMARY,SRC_CURATED_V1
SIDE_PLANK,SHOULDERS,SECONDARY,SRC_CURATED_V1
SIDE_PLANK,GLUTES,SECONDARY,SRC_CURATED_V1
WEIGHTED_SIDE_PLANK,CORE,PRIMARY,SRC_CURATED_V1
WEIGHTED_SIDE_PLANK,SHOULDERS,SECONDARY,SRC_CURATED_V1
WEIGHTED_SIDE_PLANK,GLUTES,SECONDARY,SRC_CURATED_V1
PALLOF_PRESS,CORE,PRIMARY,SRC_CURATED_V1
PALLOF_PRESS,SHOULDERS,SECONDARY,SRC_CURATED_V1
HALF_KNEELING_PALLOF_PRESS,CORE,PRIMARY,SRC_CURATED_V1
HALF_KNEELING_PALLOF_PRESS,GLUTES,SECONDARY,SRC_CURATED_V1
DEAD_BUG,CORE,PRIMARY,SRC_CURATED_V1
DEAD_BUG,HIP_FLEXORS,SECONDARY,SRC_CURATED_V1
BIRD_DOG,CORE,PRIMARY,SRC_CURATED_V1
BIRD_DOG,GLUTES,SECONDARY,SRC_CURATED_V1
BIRD_DOG,SHOULDERS,SECONDARY,SRC_CURATED_V1
MOUNTAIN_CLIMBER,CORE,PRIMARY,SRC_CURATED_V1
MOUNTAIN_CLIMBER,SHOULDERS,SECONDARY,SRC_CURATED_V1
MOUNTAIN_CLIMBER,HIP_FLEXORS,SECONDARY,SRC_CURATED_V1
BICYCLE_CRUNCH,CORE,PRIMARY,SRC_CURATED_V1
BICYCLE_CRUNCH,HIP_FLEXORS,SECONDARY,SRC_CURATED_V1
RUSSIAN_TWIST,CORE,PRIMARY,SRC_CURATED_V1
CABLE_WOOD_CHOP,CORE,PRIMARY,SRC_CURATED_V1
CABLE_WOOD_CHOP,SHOULDERS,SECONDARY,SRC_CURATED_V1
CABLE_LIFT,CORE,PRIMARY,SRC_CURATED_V1
CABLE_LIFT,SHOULDERS,SECONDARY,SRC_CURATED_V1
SUITCASE_CARRY,CORE,PRIMARY,SRC_CURATED_V1
SUITCASE_CARRY,FOREARMS,SECONDARY,SRC_CURATED_V1
SUITCASE_CARRY,SHOULDERS,SECONDARY,SRC_CURATED_V1
SUITCASE_CARRY,GLUTES,SECONDARY,SRC_CURATED_V1
FARMER_S_CARRY,FOREARMS,PRIMARY,SRC_CURATED_V1
FARMER_S_CARRY,CORE,SECONDARY,SRC_CURATED_V1
FARMER_S_CARRY,BACK,SECONDARY,SRC_CURATED_V1
FARMER_S_CARRY,SHOULDERS,SECONDARY,SRC_CURATED_V1
FARMER_S_CARRY,GLUTES,SECONDARY,SRC_CURATED_V1
TRAP_BAR_CARRY,FOREARMS,PRIMARY,SRC_CURATED_V1
TRAP_BAR_CARRY,CORE,SECONDARY,SRC_CURATED_V1
TRAP_BAR_CARRY,BACK,SECONDARY,SRC_CURATED_V1
TRAP_BAR_CARRY,SHOULDERS,SECONDARY,SRC_CURATED_V1
TRAP_BAR_CARRY,GLUTES,SECONDARY,SRC_CURATED_V1
FRONT_RACK_CARRY,CORE,PRIMARY,SRC_CURATED_V1
FRONT_RACK_CARRY,SHOULDERS,SECONDARY,SRC_CURATED_V1
FRONT_RACK_CARRY,FOREARMS,SECONDARY,SRC_CURATED_V1
FRONT_RACK_CARRY,BACK,SECONDARY,SRC_CURATED_V1
OVERHEAD_CARRY,SHOULDERS,PRIMARY,SRC_CURATED_V1
OVERHEAD_CARRY,CORE,SECONDARY,SRC_CURATED_V1
OVERHEAD_CARRY,FOREARMS,SECONDARY,SRC_CURATED_V1
WAITER_S_CARRY,SHOULDERS,PRIMARY,SRC_CURATED_V1
WAITER_S_CARRY,CORE,SECONDARY,SRC_CURATED_V1
WAITER_S_CARRY,FOREARMS,SECONDARY,SRC_CURATED_V1
BEAR_HUG_SANDBAG_CARRY,CORE,PRIMARY,SRC_CURATED_V1
BEAR_HUG_SANDBAG_CARRY,BACK,SECONDARY,SRC_CURATED_V1
BEAR_HUG_SANDBAG_CARRY,GLUTES,SECONDARY,SRC_CURATED_V1
BEAR_HUG_SANDBAG_CARRY,FOREARMS,SECONDARY,SRC_CURATED_V1
BEAR_CRAWL,CORE,PRIMARY,SRC_CURATED_V1
BEAR_CRAWL,SHOULDERS,SECONDARY,SRC_CURATED_V1
BEAR_CRAWL,GLUTES,SECONDARY,SRC_CURATED_V1
BEAR_CRAWL,QUADRICEPS,SECONDARY,SRC_CURATED_V1
CRAB_WALK,CORE,PRIMARY,SRC_CURATED_V1
CRAB_WALK,SHOULDERS,SECONDARY,SRC_CURATED_V1
CRAB_WALK,GLUTES,SECONDARY,SRC_CURATED_V1
CRAB_WALK,TRICEPS,SECONDARY,SRC_CURATED_V1
POWER_CLEAN,FULL_BODY,PRIMARY,SRC_CURATED_V1
POWER_CLEAN,BACK,SECONDARY,SRC_CURATED_V1
POWER_CLEAN,GLUTES,SECONDARY,SRC_CURATED_V1
POWER_CLEAN,HAMSTRINGS,SECONDARY,SRC_CURATED_V1
POWER_CLEAN,QUADRICEPS,SECONDARY,SRC_CURATED_V1
POWER_CLEAN,SHOULDERS,SECONDARY,SRC_CURATED_V1
HANG_POWER_CLEAN,FULL_BODY,PRIMARY,SRC_CURATED_V1
HANG_POWER_CLEAN,BACK,SECONDARY,SRC_CURATED_V1
HANG_POWER_CLEAN,GLUTES,SECONDARY,SRC_CURATED_V1
HANG_POWER_CLEAN,HAMSTRINGS,SECONDARY,SRC_CURATED_V1
HANG_POWER_CLEAN,QUADRICEPS,SECONDARY,SRC_CURATED_V1
HANG_POWER_CLEAN,SHOULDERS,SECONDARY,SRC_CURATED_V1
CLEAN_PULL,FULL_BODY,PRIMARY,SRC_CURATED_V1
CLEAN_PULL,BACK,SECONDARY,SRC_CURATED_V1
CLEAN_PULL,GLUTES,SECONDARY,SRC_CURATED_V1
CLEAN_PULL,HAMSTRINGS,SECONDARY,SRC_CURATED_V1
CLEAN_PULL,QUADRICEPS,SECONDARY,SRC_CURATED_V1
POWER_SNATCH,FULL_BODY,PRIMARY,SRC_CURATED_V1
POWER_SNATCH,BACK,SECONDARY,SRC_CURATED_V1
POWER_SNATCH,GLUTES,SECONDARY,SRC_CURATED_V1
POWER_SNATCH,HAMSTRINGS,SECONDARY,SRC_CURATED_V1
POWER_SNATCH,SHOULDERS,SECONDARY,SRC_CURATED_V1
HANG_POWER_SNATCH,FULL_BODY,PRIMARY,SRC_CURATED_V1
HANG_POWER_SNATCH,BACK,SECONDARY,SRC_CURATED_V1
HANG_POWER_SNATCH,GLUTES,SECONDARY,SRC_CURATED_V1
HANG_POWER_SNATCH,HAMSTRINGS,SECONDARY,SRC_CURATED_V1
HANG_POWER_SNATCH,SHOULDERS,SECONDARY,SRC_CURATED_V1
SNATCH_PULL,FULL_BODY,PRIMARY,SRC_CURATED_V1
SNATCH_PULL,BACK,SECONDARY,SRC_CURATED_V1
SNATCH_PULL,GLUTES,SECONDARY,SRC_CURATED_V1
SNATCH_PULL,HAMSTRINGS,SECONDARY,SRC_CURATED_V1
SNATCH_PULL,QUADRICEPS,SECONDARY,SRC_CURATED_V1
PUSH_PRESS,SHOULDERS,PRIMARY,SRC_CURATED_V1
PUSH_PRESS,TRICEPS,SECONDARY,SRC_CURATED_V1
PUSH_PRESS,QUADRICEPS,SECONDARY,SRC_CURATED_V1
PUSH_PRESS,GLUTES,SECONDARY,SRC_CURATED_V1
PUSH_PRESS,CORE,SECONDARY,SRC_CURATED_V1
PUSH_JERK,FULL_BODY,PRIMARY,SRC_CURATED_V1
PUSH_JERK,SHOULDERS,SECONDARY,SRC_CURATED_V1
PUSH_JERK,TRICEPS,SECONDARY,SRC_CURATED_V1
PUSH_JERK,QUADRICEPS,SECONDARY,SRC_CURATED_V1
PUSH_JERK,GLUTES,SECONDARY,SRC_CURATED_V1
KETTLEBELL_CLEAN,FULL_BODY,PRIMARY,SRC_CURATED_V1
KETTLEBELL_CLEAN,GLUTES,SECONDARY,SRC_CURATED_V1
KETTLEBELL_CLEAN,HAMSTRINGS,SECONDARY,SRC_CURATED_V1
KETTLEBELL_CLEAN,SHOULDERS,SECONDARY,SRC_CURATED_V1
KETTLEBELL_SNATCH,FULL_BODY,PRIMARY,SRC_CURATED_V1
KETTLEBELL_SNATCH,GLUTES,SECONDARY,SRC_CURATED_V1
KETTLEBELL_SNATCH,HAMSTRINGS,SECONDARY,SRC_CURATED_V1
KETTLEBELL_SNATCH,SHOULDERS,SECONDARY,SRC_CURATED_V1
DUMBBELL_SNATCH,FULL_BODY,PRIMARY,SRC_CURATED_V1
DUMBBELL_SNATCH,GLUTES,SECONDARY,SRC_CURATED_V1
DUMBBELL_SNATCH,HAMSTRINGS,SECONDARY,SRC_CURATED_V1
DUMBBELL_SNATCH,SHOULDERS,SECONDARY,SRC_CURATED_V1
MEDICINE_BALL_CHEST_PASS,CHEST,PRIMARY,SRC_CURATED_V1
MEDICINE_BALL_CHEST_PASS,TRICEPS,SECONDARY,SRC_CURATED_V1
MEDICINE_BALL_CHEST_PASS,CORE,SECONDARY,SRC_CURATED_V1
MEDICINE_BALL_OVERHEAD_THROW,FULL_BODY,PRIMARY,SRC_CURATED_V1
MEDICINE_BALL_OVERHEAD_THROW,SHOULDERS,SECONDARY,SRC_CURATED_V1
MEDICINE_BALL_OVERHEAD_THROW,CORE,SECONDARY,SRC_CURATED_V1
MEDICINE_BALL_OVERHEAD_THROW,GLUTES,SECONDARY,SRC_CURATED_V1
ROTATIONAL_MEDICINE_BALL_THROW,CORE,PRIMARY,SRC_CURATED_V1
ROTATIONAL_MEDICINE_BALL_THROW,SHOULDERS,SECONDARY,SRC_CURATED_V1
ROTATIONAL_MEDICINE_BALL_THROW,GLUTES,SECONDARY,SRC_CURATED_V1
MEDICINE_BALL_SLAM,FULL_BODY,PRIMARY,SRC_CURATED_V1
MEDICINE_BALL_SLAM,CORE,SECONDARY,SRC_CURATED_V1
MEDICINE_BALL_SLAM,SHOULDERS,SECONDARY,SRC_CURATED_V1
MEDICINE_BALL_SLAM,BACK,SECONDARY,SRC_CURATED_V1
BOX_JUMP,QUADRICEPS,PRIMARY,SRC_CURATED_V1
BOX_JUMP,GLUTES,SECONDARY,SRC_CURATED_V1
BOX_JUMP,HAMSTRINGS,SECONDARY,SRC_CURATED_V1
BOX_JUMP,CALVES,SECONDARY,SRC_CURATED_V1
COUNTERMOVEMENT_JUMP,QUADRICEPS,PRIMARY,SRC_CURATED_V1
COUNTERMOVEMENT_JUMP,GLUTES,SECONDARY,SRC_CURATED_V1
COUNTERMOVEMENT_JUMP,HAMSTRINGS,SECONDARY,SRC_CURATED_V1
COUNTERMOVEMENT_JUMP,CALVES,SECONDARY,SRC_CURATED_V1
SQUAT_JUMP,QUADRICEPS,PRIMARY,SRC_CURATED_V1
SQUAT_JUMP,GLUTES,SECONDARY,SRC_CURATED_V1
SQUAT_JUMP,CALVES,SECONDARY,SRC_CURATED_V1
BROAD_JUMP,GLUTES,PRIMARY,SRC_CURATED_V1
BROAD_JUMP,QUADRICEPS,SECONDARY,SRC_CURATED_V1
BROAD_JUMP,HAMSTRINGS,SECONDARY,SRC_CURATED_V1
BROAD_JUMP,CALVES,SECONDARY,SRC_CURATED_V1
TUCK_JUMP,QUADRICEPS,PRIMARY,SRC_CURATED_V1
TUCK_JUMP,GLUTES,SECONDARY,SRC_CURATED_V1
TUCK_JUMP,CALVES,SECONDARY,SRC_CURATED_V1
TUCK_JUMP,CORE,SECONDARY,SRC_CURATED_V1
DEPTH_JUMP,QUADRICEPS,PRIMARY,SRC_CURATED_V1
DEPTH_JUMP,GLUTES,SECONDARY,SRC_CURATED_V1
DEPTH_JUMP,HAMSTRINGS,SECONDARY,SRC_CURATED_V1
DEPTH_JUMP,CALVES,SECONDARY,SRC_CURATED_V1
POGO_JUMP,CALVES,PRIMARY,SRC_CURATED_V1
POGO_JUMP,QUADRICEPS,SECONDARY,SRC_CURATED_V1
SINGLE_LEG_HOP,QUADRICEPS,PRIMARY,SRC_CURATED_V1
SINGLE_LEG_HOP,GLUTES,SECONDARY,SRC_CURATED_V1
SINGLE_LEG_HOP,CALVES,SECONDARY,SRC_CURATED_V1
LATERAL_BOUND,GLUTES,PRIMARY,SRC_CURATED_V1
LATERAL_BOUND,ABDUCTORS,SECONDARY,SRC_CURATED_V1
LATERAL_BOUND,ADDUCTORS,SECONDARY,SRC_CURATED_V1
LATERAL_BOUND,QUADRICEPS,SECONDARY,SRC_CURATED_V1
LATERAL_BOUND,CALVES,SECONDARY,SRC_CURATED_V1
SKATER_JUMP,GLUTES,PRIMARY,SRC_CURATED_V1
SKATER_JUMP,QUADRICEPS,SECONDARY,SRC_CURATED_V1
SKATER_JUMP,ABDUCTORS,SECONDARY,SRC_CURATED_V1
SKATER_JUMP,CALVES,SECONDARY,SRC_CURATED_V1
BOUNDING,GLUTES,PRIMARY,SRC_CURATED_V1
BOUNDING,HAMSTRINGS,SECONDARY,SRC_CURATED_V1
BOUNDING,QUADRICEPS,SECONDARY,SRC_CURATED_V1
BOUNDING,CALVES,SECONDARY,SRC_CURATED_V1
10_M_ACCELERATION_SPRINT,FULL_BODY,PRIMARY,SRC_CURATED_V1
20_M_ACCELERATION_SPRINT,FULL_BODY,PRIMARY,SRC_CURATED_V1
FLYING_SPRINT,FULL_BODY,PRIMARY,SRC_CURATED_V1
HILL_SPRINT,FULL_BODY,PRIMARY,SRC_CURATED_V1
HILL_SPRINT,GLUTES,SECONDARY,SRC_CURATED_V1
HILL_SPRINT,HAMSTRINGS,SECONDARY,SRC_CURATED_V1
HILL_SPRINT,CALVES,SECONDARY,SRC_CURATED_V1
SHUTTLE_SPRINT,FULL_BODY,PRIMARY,SRC_CURATED_V1
5_10_5_SHUTTLE,FULL_BODY,PRIMARY,SRC_CURATED_V1
T_DRILL,FULL_BODY,PRIMARY,SRC_CURATED_V1
L_DRILL,FULL_BODY,PRIMARY,SRC_CURATED_V1
LATERAL_SHUFFLE_DRILL,GLUTES,PRIMARY,SRC_CURATED_V1
LATERAL_SHUFFLE_DRILL,QUADRICEPS,SECONDARY,SRC_CURATED_V1
LATERAL_SHUFFLE_DRILL,CALVES,SECONDARY,SRC_CURATED_V1
AGILITY_LADDER_IN_IN_OUT_OUT,FULL_BODY,PRIMARY,SRC_CURATED_V1
OUTDOOR_WALKING,FULL_BODY,PRIMARY,SRC_CURATED_V1
TREADMILL_WALKING,FULL_BODY,PRIMARY,SRC_CURATED_V1
INCLINE_TREADMILL_WALKING,GLUTES,PRIMARY,SRC_CURATED_V1
INCLINE_TREADMILL_WALKING,HAMSTRINGS,SECONDARY,SRC_CURATED_V1
INCLINE_TREADMILL_WALKING,CALVES,SECONDARY,SRC_CURATED_V1
OUTDOOR_RUNNING,FULL_BODY,PRIMARY,SRC_CURATED_V1
TREADMILL_RUNNING,FULL_BODY,PRIMARY,SRC_CURATED_V1
STATIONARY_CYCLING,QUADRICEPS,PRIMARY,SRC_CURATED_V1
STATIONARY_CYCLING,GLUTES,SECONDARY,SRC_CURATED_V1
STATIONARY_CYCLING,HAMSTRINGS,SECONDARY,SRC_CURATED_V1
STATIONARY_CYCLING,CALVES,SECONDARY,SRC_CURATED_V1
AIR_BIKE,FULL_BODY,PRIMARY,SRC_CURATED_V1
AIR_BIKE,QUADRICEPS,SECONDARY,SRC_CURATED_V1
AIR_BIKE,SHOULDERS,SECONDARY,SRC_CURATED_V1
AIR_BIKE,BACK,SECONDARY,SRC_CURATED_V1
ROWING_ERGOMETER,FULL_BODY,PRIMARY,SRC_CURATED_V1
ROWING_ERGOMETER,BACK,SECONDARY,SRC_CURATED_V1
ROWING_ERGOMETER,QUADRICEPS,SECONDARY,SRC_CURATED_V1
ROWING_ERGOMETER,GLUTES,SECONDARY,SRC_CURATED_V1
ROWING_ERGOMETER,HAMSTRINGS,SECONDARY,SRC_CURATED_V1
SKI_ERGOMETER,FULL_BODY,PRIMARY,SRC_CURATED_V1
SKI_ERGOMETER,BACK,SECONDARY,SRC_CURATED_V1
SKI_ERGOMETER,SHOULDERS,SECONDARY,SRC_CURATED_V1
SKI_ERGOMETER,CORE,SECONDARY,SRC_CURATED_V1
ELLIPTICAL,FULL_BODY,PRIMARY,SRC_CURATED_V1
ELLIPTICAL,QUADRICEPS,SECONDARY,SRC_CURATED_V1
ELLIPTICAL,GLUTES,SECONDARY,SRC_CURATED_V1
STAIR_CLIMBER,QUADRICEPS,PRIMARY,SRC_CURATED_V1
STAIR_CLIMBER,GLUTES,SECONDARY,SRC_CURATED_V1
STAIR_CLIMBER,CALVES,SECONDARY,SRC_CURATED_V1
JUMP_ROPE,CALVES,PRIMARY,SRC_CURATED_V1
JUMP_ROPE,SHOULDERS,SECONDARY,SRC_CURATED_V1
JUMP_ROPE,FOREARMS,SECONDARY,SRC_CURATED_V1
JUMP_ROPE,CORE,SECONDARY,SRC_CURATED_V1
SWIMMING_FREESTYLE,FULL_BODY,PRIMARY,SRC_CURATED_V1
SWIMMING_FREESTYLE,BACK,SECONDARY,SRC_CURATED_V1
SWIMMING_FREESTYLE,SHOULDERS,SECONDARY,SRC_CURATED_V1
SWIMMING_FREESTYLE,CORE,SECONDARY,SRC_CURATED_V1
SWIMMING_BREASTSTROKE,FULL_BODY,PRIMARY,SRC_CURATED_V1
SWIMMING_BREASTSTROKE,CHEST,SECONDARY,SRC_CURATED_V1
SWIMMING_BREASTSTROKE,BACK,SECONDARY,SRC_CURATED_V1
SWIMMING_BREASTSTROKE,GLUTES,SECONDARY,SRC_CURATED_V1
SLED_PUSH,QUADRICEPS,PRIMARY,SRC_CURATED_V1
SLED_PUSH,GLUTES,SECONDARY,SRC_CURATED_V1
SLED_PUSH,CALVES,SECONDARY,SRC_CURATED_V1
SLED_PUSH,CORE,SECONDARY,SRC_CURATED_V1
SLED_PUSH,SHOULDERS,SECONDARY,SRC_CURATED_V1
SLED_DRAG,QUADRICEPS,PRIMARY,SRC_CURATED_V1
SLED_DRAG,GLUTES,SECONDARY,SRC_CURATED_V1
SLED_DRAG,HAMSTRINGS,SECONDARY,SRC_CURATED_V1
SLED_DRAG,BACK,SECONDARY,SRC_CURATED_V1
BATTLE_ROPE_ALTERNATING_WAVES,SHOULDERS,PRIMARY,SRC_CURATED_V1
BATTLE_ROPE_ALTERNATING_WAVES,CORE,SECONDARY,SRC_CURATED_V1
BATTLE_ROPE_ALTERNATING_WAVES,FOREARMS,SECONDARY,SRC_CURATED_V1
BATTLE_ROPE_SLAMS,SHOULDERS,PRIMARY,SRC_CURATED_V1
BATTLE_ROPE_SLAMS,CORE,SECONDARY,SRC_CURATED_V1
BATTLE_ROPE_SLAMS,BACK,SECONDARY,SRC_CURATED_V1
BURPEE,FULL_BODY,PRIMARY,SRC_CURATED_V1
BURPEE,CHEST,SECONDARY,SRC_CURATED_V1
BURPEE,SHOULDERS,SECONDARY,SRC_CURATED_V1
BURPEE,TRICEPS,SECONDARY,SRC_CURATED_V1
BURPEE,QUADRICEPS,SECONDARY,SRC_CURATED_V1
BURPEE,CORE,SECONDARY,SRC_CURATED_V1
DUMBBELL_THRUSTER,FULL_BODY,PRIMARY,SRC_CURATED_V1
DUMBBELL_THRUSTER,QUADRICEPS,SECONDARY,SRC_CURATED_V1
DUMBBELL_THRUSTER,GLUTES,SECONDARY,SRC_CURATED_V1
DUMBBELL_THRUSTER,SHOULDERS,SECONDARY,SRC_CURATED_V1
DUMBBELL_THRUSTER,TRICEPS,SECONDARY,SRC_CURATED_V1
BARBELL_THRUSTER,FULL_BODY,PRIMARY,SRC_CURATED_V1
BARBELL_THRUSTER,QUADRICEPS,SECONDARY,SRC_CURATED_V1
BARBELL_THRUSTER,GLUTES,SECONDARY,SRC_CURATED_V1
BARBELL_THRUSTER,SHOULDERS,SECONDARY,SRC_CURATED_V1
BARBELL_THRUSTER,TRICEPS,SECONDARY,SRC_CURATED_V1
90_90_HIP_SWITCH,GLUTES,PRIMARY,SRC_CURATED_V1
90_90_HIP_SWITCH,HIP_FLEXORS,SECONDARY,SRC_CURATED_V1
90_90_HIP_SWITCH,ADDUCTORS,SECONDARY,SRC_CURATED_V1
WORLD_S_GREATEST_STRETCH,FULL_BODY,PRIMARY,SRC_CURATED_V1
WORLD_S_GREATEST_STRETCH,GLUTES,SECONDARY,SRC_CURATED_V1
WORLD_S_GREATEST_STRETCH,HAMSTRINGS,SECONDARY,SRC_CURATED_V1
WORLD_S_GREATEST_STRETCH,HIP_FLEXORS,SECONDARY,SRC_CURATED_V1
WORLD_S_GREATEST_STRETCH,BACK,SECONDARY,SRC_CURATED_V1
DEEP_SQUAT_PRY,ADDUCTORS,PRIMARY,SRC_CURATED_V1
DEEP_SQUAT_PRY,GLUTES,SECONDARY,SRC_CURATED_V1
DEEP_SQUAT_PRY,QUADRICEPS,SECONDARY,SRC_CURATED_V1
DEEP_SQUAT_PRY,CALVES,SECONDARY,SRC_CURATED_V1
ANKLE_DORSIFLEXION_ROCK,CALVES,PRIMARY,SRC_CURATED_V1
HIP_FLEXOR_STRETCH,HIP_FLEXORS,PRIMARY,SRC_CURATED_V1
HIP_FLEXOR_STRETCH,QUADRICEPS,SECONDARY,SRC_CURATED_V1
COUCH_STRETCH,HIP_FLEXORS,PRIMARY,SRC_CURATED_V1
COUCH_STRETCH,QUADRICEPS,SECONDARY,SRC_CURATED_V1
STANDING_QUAD_STRETCH,QUADRICEPS,PRIMARY,SRC_CURATED_V1
SEATED_HAMSTRING_STRETCH,HAMSTRINGS,PRIMARY,SRC_CURATED_V1
SEATED_HAMSTRING_STRETCH,CALVES,SECONDARY,SRC_CURATED_V1
SUPINE_HAMSTRING_STRETCH,HAMSTRINGS,PRIMARY,SRC_CURATED_V1
SUPINE_HAMSTRING_STRETCH,CALVES,SECONDARY,SRC_CURATED_V1
FIGURE_FOUR_GLUTE_STRETCH,GLUTES,PRIMARY,SRC_CURATED_V1
BUTTERFLY_GROIN_STRETCH,ADDUCTORS,PRIMARY,SRC_CURATED_V1
STANDING_CALF_STRETCH,CALVES,PRIMARY,SRC_CURATED_V1
DOORWAY_CHEST_STRETCH,CHEST,PRIMARY,SRC_CURATED_V1
DOORWAY_CHEST_STRETCH,SHOULDERS,SECONDARY,SRC_CURATED_V1
CROSS_BODY_SHOULDER_STRETCH,SHOULDERS,PRIMARY,SRC_CURATED_V1
LAT_STRETCH_ON_BENCH,BACK,PRIMARY,SRC_CURATED_V1
LAT_STRETCH_ON_BENCH,SHOULDERS,SECONDARY,SRC_CURATED_V1
CHILD_S_POSE,BACK,PRIMARY,SRC_CURATED_V1
CHILD_S_POSE,GLUTES,SECONDARY,SRC_CURATED_V1
CHILD_S_POSE,SHOULDERS,SECONDARY,SRC_CURATED_V1
CAT_COW,BACK,PRIMARY,SRC_CURATED_V1
CAT_COW,CORE,SECONDARY,SRC_CURATED_V1
THORACIC_ROTATION_OPEN_BOOK,BACK,PRIMARY,SRC_CURATED_V1
THORACIC_ROTATION_OPEN_BOOK,SHOULDERS,SECONDARY,SRC_CURATED_V1
THREAD_THE_NEEDLE,BACK,PRIMARY,SRC_CURATED_V1
THREAD_THE_NEEDLE,SHOULDERS,SECONDARY,SRC_CURATED_V1
FOAM_ROLL_QUADRICEPS,QUADRICEPS,PRIMARY,SRC_CURATED_V1
FOAM_ROLL_HAMSTRINGS,HAMSTRINGS,PRIMARY,SRC_CURATED_V1
FOAM_ROLL_GLUTES,GLUTES,PRIMARY,SRC_CURATED_V1
FOAM_ROLL_CALVES,CALVES,PRIMARY,SRC_CURATED_V1
FOAM_ROLL_LATS,BACK,PRIMARY,SRC_CURATED_V1
DIAPHRAGMATIC_BREATHING,CORE,PRIMARY,SRC_CURATED_V1
