training_method_id,method_group,name,advanced_method,ai_selectable,definition,source_ids
STRAIGHT_SETS,SET_STRUCTURE,Straight Sets,0,1,,SRC_WGER;SRC_ACSM_2026_RT;SRC_CURATED_V1
MULTIPLE_SETS,SET_STRUCTURE,Multiple Sets,0,1,,SRC_WGER;SRC_ACSM_2026_RT;SRC_CURATED_V1
SINGLE_SET,SET_STRUCTURE,Single Set,0,1,,SRC_WGER;SRC_ACSM_2026_RT;SRC_CURATED_V1
WARM_UP_SETS,SET_STRUCTURE,Warm-Up Sets,0,1,,SRC_WGER;SRC_ACSM_2026_RT;SRC_CURATED_V1
WORKING_SETS,SET_STRUCTURE,Working Sets,0,1,,SRC_WGER;SRC_ACSM_2026_RT;SRC_CURATED_V1
TOP_SET,SET_STRUCTURE,Top Set,0,1,,SRC_WGER;SRC_ACSM_2026_RT;SRC_CURATED_V1
BACK_OFF_SETS,SET_STRUCTURE,Back-Off Sets,0,1,,SRC_WGER;SRC_ACSM_2026_RT;SRC_CURATED_V1
SUPERSET,SET_STRUCTURE,Superset,0,1,,SRC_WGER;SRC_ACSM_2026_RT;SRC_CURATED_V1
ANTAGONIST_SUPERSET,SET_STRUCTURE,Antagonist Superset,0,1,,SRC_WGER;SRC_ACSM_2026_RT;SRC_CURATED_V1
AGONIST_SUPERSET,SET_STRUCTURE,Agonist Superset,0,1,,SRC_WGER;SRC_ACSM_2026_RT;SRC_CURATED_V1
COMPOUND_SET,SET_STRUCTURE,Compound Set,0,1,,SRC_WGER;SRC_ACSM_2026_RT;SRC_CURATED_V1
PRE_EXHAUST_SUPERSET,SET_STRUCTURE,Pre-Exhaust Superset,0,1,,SRC_WGER;SRC_ACSM_2026_RT;SRC_CURATED_V1
POST_EXHAUST_SUPERSET,SET_STRUCTURE,Post-Exhaust Superset,0,1,,SRC_WGER;SRC_ACSM_2026_RT;SRC_CURATED_V1
TRI_SET,SET_STRUCTURE,Tri-Set,0,1,,SRC_WGER;SRC_ACSM_2026_RT;SRC_CURATED_V1
GIANT_SET,SET_STRUCTURE,Giant Set,0,1,,SRC_WGER;SRC_ACSM_2026_RT;SRC_CURATED_V1
CLUSTER_SET,SET_STRUCTURE,Cluster Set,1,1,,SRC_WGER;SRC_ACSM_2026_RT;SRC_CURATED_V1
REST_PAUSE_SET,SET_STRUCTURE,Rest-Pause Set,1,1,,SRC_WGER;SRC_ACSM_2026_RT;SRC_CURATED_V1
MYO_REPS,SET_STRUCTURE,Myo-Reps,1,1,,SRC_WGER;SRC_ACSM_2026_RT;SRC_CURATED_V1
DROP_SET,INTENSITY_TECHNIQUE,Drop Set,1,1,,SRC_CURATED_V1
DOUBLE_DROP_SET,INTENSITY_TECHNIQUE,Double Drop Set,1,1,,SRC_CURATED_V1
TRIPLE_DROP_SET,INTENSITY_TECHNIQUE,Triple Drop Set,1,1,,SRC_CURATED_V1
MECHANICAL_DROP_SET,INTENSITY_TECHNIQUE,Mechanical Drop Set,1,1,,SRC_CURATED_V1
FORCED_REPS,INTENSITY_TECHNIQUE,Forced Reps,1,0,,SRC_CURATED_V1
PARTIAL_REPS,INTENSITY_TECHNIQUE,Partial Reps,0,1,,SRC_CURATED_V1
LENGTHENED_PARTIALS,INTENSITY_TECHNIQUE,Lengthened Partials,0,1,,SRC_CURATED_V1
CHEAT_REPS,INTENSITY_TECHNIQUE,Cheat Reps,1,0,,SRC_CURATED_V1
ECCENTRIC_FOCUSED_REPS,INTENSITY_TECHNIQUE,Eccentric-Focused Reps,0,1,,SRC_CURATED_V1
ISOMETRIC_HOLDS,INTENSITY_TECHNIQUE,Isometric Holds,0,1,,SRC_CURATED_V1
PAUSED_REPS,INTENSITY_TECHNIQUE,Paused Reps,0,1,,SRC_CURATED_V1
TEMPO_REPS,INTENSITY_TECHNIQUE,Tempo Reps,0,1,,SRC_CURATED_V1
1_5_REPS,INTENSITY_TECHNIQUE,1.5 Reps,0,1,,SRC_CURATED_V1
BURNOUT_SET,INTENSITY_TECHNIQUE,Burnout Set,0,1,,SRC_CURATED_V1
AMRAP_SET,INTENSITY_TECHNIQUE,AMRAP Set,0,1,,SRC_CURATED_V1
REP_GOAL_SET,INTENSITY_TECHNIQUE,Rep-Goal Set,0,1,,SRC_CURATED_V1
CONSTANT_LOAD,LOADING,Constant Load,0,1,,SRC_WGER;SRC_ACSM_2026_RT;SRC_CURATED_V1
ASCENDING_LOAD,LOADING,Ascending Load,0,1,,SRC_WGER;SRC_ACSM_2026_RT;SRC_CURATED_V1
DESCENDING_LOAD,LOADING,Descending Load,0,1,,SRC_WGER;SRC_ACSM_2026_RT;SRC_CURATED_V1
PYRAMID_LOADING,LOADING,Pyramid Loading,0,1,,SRC_WGER;SRC_ACSM_2026_RT;SRC_CURATED_V1
REVERSE_PYRAMID_LOADING,LOADING,Reverse Pyramid Loading,0,1,,SRC_WGER;SRC_ACSM_2026_RT;SRC_CURATED_V1
WAVE_LOADING,LOADING,Wave Loading,0,1,,SRC_WGER;SRC_ACSM_2026_RT;SRC_CURATED_V1
STEP_LOADING,LOADING,Step Loading,0,1,,SRC_WGER;SRC_ACSM_2026_RT;SRC_CURATED_V1
RAMP_UP_LOADING,LOADING,Ramp-Up Loading,0,1,,SRC_WGER;SRC_ACSM_2026_RT;SRC_CURATED_V1
TOP_SET_BACK_OFF,LOADING,Top Set + Back-Off,0,1,,SRC_WGER;SRC_ACSM_2026_RT;SRC_CURATED_V1
PERCENTAGE_BASED_LOADING,LOADING,Percentage-Based Loading,0,1,,SRC_WGER;SRC_ACSM_2026_RT;SRC_CURATED_V1
RPE_BASED_LOADING,LOADING,RPE-Based Loading,0,1,,SRC_WGER;SRC_ACSM_2026_RT;SRC_CURATED_V1
RIR_BASED_LOADING,LOADING,RIR-Based Loading,0,1,,SRC_WGER;SRC_ACSM_2026_RT;SRC_CURATED_V1
VELOCITY_BASED_LOADING,LOADING,Velocity-Based Loading,1,1,,SRC_WGER;SRC_ACSM_2026_RT;SRC_CURATED_V1
AUTOREGULATED_LOADING,LOADING,Autoregulated Loading,0,1,,SRC_WGER;SRC_ACSM_2026_RT;SRC_CURATED_V1
CONTINUOUS_TRAINING,CONDITIONING,Continuous Training,0,1,,SRC_CURATED_V1
INTERVAL_TRAINING,CONDITIONING,Interval Training,0,1,,SRC_CURATED_V1
HIGH_INTENSITY_INTERVAL_TRAINING,CONDITIONING,High-Intensity Interval Training,0,1,,SRC_CURATED_V1
SPRINT_INTERVAL_TRAINING,CONDITIONING,Sprint Interval Training,0,1,,SRC_CURATED_V1
AEROBIC_INTERVALS,CONDITIONING,Aerobic Intervals,0,1,,SRC_CURATED_V1
ANAEROBIC_INTERVALS,CONDITIONING,Anaerobic Intervals,0,1,,SRC_CURATED_V1
TEMPO_INTERVALS,CONDITIONING,Tempo Intervals,0,1,,SRC_CURATED_V1
THRESHOLD_INTERVALS,CONDITIONING,Threshold Intervals,0,1,,SRC_CURATED_V1
FARTLEK,CONDITIONING,Fartlek,0,1,,SRC_CURATED_V1
DENSITY_TRAINING,CONDITIONING,Density Training,0,1,,SRC_CURATED_V1
WORK_REST_INTERVALS,CONDITIONING,Work-Rest Intervals,0,1,,SRC_CURATED_V1
HEART_RATE_ZONE_TRAINING,CONDITIONING,Heart-Rate-Zone Training,0,1,,SRC_CURATED_V1
BALLISTIC_TRAINING,POWER_PLYO,Ballistic Training,0,1,,SRC_CURATED_V1
OLYMPIC_LIFT_DERIVATIVE_TRAINING,POWER_PLYO,Olympic-Lift Derivative Training,0,1,,SRC_CURATED_V1
CONTRAST_TRAINING,POWER_PLYO,Contrast Training,0,1,,SRC_CURATED_V1
COMPLEX_TRAINING,POWER_PLYO,Complex Training,0,1,,SRC_CURATED_V1
JUMP_TRAINING,POWER_PLYO,Jump Training,0,1,,SRC_CURATED_V1
HOP_TRAINING,POWER_PLYO,Hop Training,0,1,,SRC_CURATED_V1
BOUND_TRAINING,POWER_PLYO,Bound Training,0,1,,SRC_CURATED_V1
MEDICINE_BALL_THROW_TRAINING,POWER_PLYO,Medicine-Ball Throw Training,0,1,,SRC_CURATED_V1
REACTIVE_PLYOMETRICS,POWER_PLYO,Reactive Plyometrics,1,1,,SRC_CURATED_V1
STATIC_STRETCHING,MOBILITY_RECOVERY,Static Stretching,0,1,,SRC_CURATED_V1
DYNAMIC_STRETCHING,MOBILITY_RECOVERY,Dynamic Stretching,0,1,,SRC_CURATED_V1
ACTIVE_MOBILITY,MOBILITY_RECOVERY,Active Mobility,0,1,,SRC_CURATED_V1
CONTROLLED_ARTICULAR_ROTATIONS,MOBILITY_RECOVERY,Controlled Articular Rotations,0,1,,SRC_CURATED_V1
PNF_STYLE_STRETCHING,MOBILITY_RECOVERY,PNF-Style Stretching,0,1,,SRC_CURATED_V1
FOAM_ROLLING_SELF_MYOFASCIAL_RELEASE,MOBILITY_RECOVERY,Foam Rolling / Self-Myofascial Release,0,1,,SRC_CURATED_V1
RECOVERY_CARDIO,MOBILITY_RECOVERY,Recovery Cardio,0,1,,SRC_CURATED_V1
BREATHING_DOWN_REGULATION,MOBILITY_RECOVERY,Breathing / Down-Regulation,0,1,,SRC_CURATED_V1
